{
    "menu": [{
     "id":1,
     "video_title":"VIDEO_20210916_144011.mp4",
     "video_path":"/storage/emulated/0/Movies/VIDEO_20210916_144011.mp4",
     "video_thumbnail":"/storage/emulated/0/Movies/VIDEO_20210916_144011.mp4",
     "video_size":"1 MB",
     "video_duration":"00:17",
     "video_update":"Sep 16, 2021  02:40 PM"},{"id":2,"video_title":"VIDEO_20210916_144340.mp4","video_path":"\/storage\/emulated\/0\/Movies\/VIDEO_20210916_144340.mp4","video_thumbnail":"\/storage\/emulated\/0\/Movies\/VIDEO_20210916_144340.mp4","video_size":"1 MB","video_duration":"00:21","video_update":"Sep 16, 2021  02:43 PM"},{"id":3,"video_title":"mikirai.mp4","video_path":"\/storage\/emulated\/0\/Download\/AndroidFTP\/mikirai.mp4","video_thumbnail":"\/storage\/emulated\/0\/Download\/AndroidFTP\/mikirai.mp4","video_size":"332 KB","video_duration":"00:18","video_update":"Okt 21, 2021  11:45 AM"}]
    
}
